Name,Type1,Type2,Dex#
BULBASAUR,GRASS,POISON,1
IVYSAUR,GRASS,POISON,2
VENUSAUR,GRASS,POISON,3
VENUSAUR-MEGA,GRASS,POISON,3
CHARMANDER,FIRE,FIRE,4
CHARMELEON,FIRE,FIRE,5
CHARIZARD,FIRE,FLYING,6
CHARIZARD-MEGA-X,DRAGON,FIRE,6
CHARIZARD-MEGA-Y,FIRE,FLYING,6
SQUIRTLE,WATER,WATER,7
WARTORTLE,WATER,WATER,8
BLASTOISE,WATER,WATER,9
BLASTOISE-MEGA,WATER,WATER,9
CATERPIE,BUG,BUG,10
METAPOD,BUG,BUG,11
BUTTERFREE,BUG,FLYING,12
WEEDLE,BUG,POISON,13
KAKUNA,BUG,POISON,14
BEEDRILL,BUG,POISON,15
BEEDRILL-MEGA,BUG,POISON,15
PIDGEY,FLYING,NORMAL,16
PIDGEOTTO,FLYING,NORMAL,17
PIDGEOT,FLYING,NORMAL,18
PIDGEOT-MEGA,FLYING,NORMAL,18
RATTATA,NORMAL,NORMAL,19
RATTATA-ALOLA,DARK,NORMAL,19
RATICATE,NORMAL,NORMAL,20
RATICATE-ALOLA,DARK,NORMAL,20
SPEAROW,FLYING,NORMAL,21
FEAROW,FLYING,NORMAL,22
EKANS,POISON,POISON,23
ARBOK,POISON,POISON,24
PIKACHU,ELECTRIC,ELECTRIC,25
PIKACHU-PARTNER,ELECTRIC,ELECTRIC,25
RAICHU,ELECTRIC,ELECTRIC,26
RAICHU-ALOLA,ELECTRIC,PSYCHIC,26
SANDSHREW,GROUND,GROUND,27
SANDSHREW-ALOLA,ICE,STEEL,27
SANDSLASH,GROUND,GROUND,28
SANDSLASH-ALOLA,ICE,STEEL,28
NIDORAN♀,POISON,POISON,29
NIDORINA,POISON,POISON,30
NIDOQUEEN,GROUND,POISON,31
NIDORAN♂,POISON,POISON,32
NIDORINO,POISON,POISON,33
NIDOKING,GROUND,POISON,34
CLEFAIRY,FAIRY,FAIRY,35
CLEFABLE,FAIRY,FAIRY,36
VULPIX,FIRE,FIRE,37
VULPIX-ALOLA,ICE,ICE,37
NINETALES,FIRE,FIRE,38
NINETALES-ALOLA,FAIRY,ICE,38
JIGGLYPUFF,FAIRY,NORMAL,39
WIGGLYTUFF,FAIRY,NORMAL,40
ZUBAT,FLYING,POISON,41
GOLBAT,FLYING,POISON,42
ODDISH,GRASS,POISON,43
GLOOM,GRASS,POISON,44
VILEPLUME,GRASS,POISON,45
PARAS,BUG,GRASS,46
PARASECT,BUG,GRASS,47
VENONAT,BUG,POISON,48
VENOMOTH,BUG,POISON,49
DIGLETT,GROUND,GROUND,50
DIGLETT-ALOLA,GROUND,STEEL,50
DUGTRIO,GROUND,GROUND,51
DUGTRIO-ALOLA,GROUND,STEEL,51
MEOWTH,NORMAL,NORMAL,52
MEOWTH-ALOLA,DARK,DARK,52
MEOWTH-GALAR,STEEL,STEEL,52
PERSIAN,NORMAL,NORMAL,53
PERSIAN-ALOLA,DARK,DARK,53
PSYDUCK,WATER,WATER,54
GOLDUCK,WATER,WATER,55
MANKEY,FIGHTING,FIGHTING,56
PRIMEAPE,FIGHTING,FIGHTING,57
GROWLITHE,FIRE,FIRE,58
GROWLITHE-HISUI,FIRE,ROCK,58
ARCANINE,FIRE,FIRE,59
ARCANINE-HISUI,FIRE,ROCK,59
POLIWAG,WATER,WATER,60
POLIWHIRL,WATER,WATER,61
POLIWRATH,FIGHTING,WATER,62
ABRA,PSYCHIC,PSYCHIC,63
KADABRA,PSYCHIC,PSYCHIC,64
ALAKAZAM,PSYCHIC,PSYCHIC,65
ALAKAZAM-MEGA,PSYCHIC,PSYCHIC,65
MACHOP,FIGHTING,FIGHTING,66
MACHOKE,FIGHTING,FIGHTING,67
MACHAMP,FIGHTING,FIGHTING,68
BELLSPROUT,GRASS,POISON,69
WEEPINBELL,GRASS,POISON,70
VICTREEBEL,GRASS,POISON,71
TENTACOOL,POISON,WATER,72
TENTACRUEL,POISON,WATER,73
GEODUDE,GROUND,ROCK,74
GEODUDE-ALOLA,ELECTRIC,ROCK,74
GRAVELER,GROUND,ROCK,75
GRAVELER-ALOLA,ELECTRIC,ROCK,75
GOLEM,GROUND,ROCK,76
GOLEM-ALOLA,ELECTRIC,ROCK,76
PONYTA,FIRE,FIRE,77
PONYTA-GALAR,PSYCHIC,PSYCHIC,77
RAPIDASH,FIRE,FIRE,78
RAPIDASH-GALAR,FAIRY,PSYCHIC,78
SLOWPOKE,PSYCHIC,WATER,79
SLOWPOKE-GALAR,PSYCHIC,PSYCHIC,79
SLOWBRO,PSYCHIC,WATER,80
SLOWBRO-MEGA,PSYCHIC,WATER,80
SLOWBRO-GALAR,POISON,PSYCHIC,80
MAGNEMITE,ELECTRIC,STEEL,81
MAGNETON,ELECTRIC,STEEL,82
FARFETCH'D,FLYING,NORMAL,83
FARFETCH'D-GALAR,FIGHTING,FIGHTING,83
DODUO,FLYING,NORMAL,84
DODRIO,FLYING,NORMAL,85
SEEL,WATER,WATER,86
DEWGONG,ICE,WATER,87
GRIMER,POISON,POISON,88
GRIMER-ALOLA,DARK,POISON,88
MUK,POISON,POISON,89
MUK-ALOLA,DARK,POISON,89
SHELLDER,WATER,WATER,90
CLOYSTER,ICE,WATER,91
GASTLY,GHOST,POISON,92
HAUNTER,GHOST,POISON,93
GENGAR,GHOST,POISON,94
GENGAR-MEGA,GHOST,POISON,94
ONIX,GROUND,ROCK,95
DROWZEE,PSYCHIC,PSYCHIC,96
HYPNO,PSYCHIC,PSYCHIC,97
KRABBY,WATER,WATER,98
KINGLER,WATER,WATER,99
VOLTORB,ELECTRIC,ELECTRIC,100
VOLTORB-HISUI,ELECTRIC,GRASS,100
ELECTRODE,ELECTRIC,ELECTRIC,101
ELECTRODE-HISUI,ELECTRIC,GRASS,101
EXEGGCUTE,GRASS,PSYCHIC,102
EXEGGUTOR,GRASS,PSYCHIC,103
EXEGGUTOR-ALOLA,DRAGON,GRASS,103
CUBONE,GROUND,GROUND,104
MAROWAK,GROUND,GROUND,105
MAROWAK-ALOLA,FIRE,GHOST,105
HITMONLEE,FIGHTING,FIGHTING,106
HITMONCHAN,FIGHTING,FIGHTING,107
LICKITUNG,NORMAL,NORMAL,108
KOFFING,POISON,POISON,109
WEEZING,POISON,POISON,110
WEEZING-GALAR,FAIRY,POISON,110
RHYHORN,GROUND,ROCK,111
RHYDON,GROUND,ROCK,112
CHANSEY,NORMAL,NORMAL,113
TANGELA,GRASS,GRASS,114
KANGASKHAN,NORMAL,NORMAL,115
KANGASKHAN-MEGA,NORMAL,NORMAL,115
HORSEA,WATER,WATER,116
SEADRA,WATER,WATER,117
GOLDEEN,WATER,WATER,118
SEAKING,WATER,WATER,119
STARYU,WATER,WATER,120
STARMIE,PSYCHIC,WATER,121
MR. MIME,FAIRY,PSYCHIC,122
MR. MIME-GALAR,ICE,PSYCHIC,122
SCYTHER,BUG,FLYING,123
JYNX,ICE,PSYCHIC,124
ELECTABUZZ,ELECTRIC,ELECTRIC,125
MAGMAR,FIRE,FIRE,126
PINSIR,BUG,BUG,127
PINSIR-MEGA,BUG,FLYING,127
TAUROS,NORMAL,NORMAL,128
TAUROS-PALDEA,FIGHTING,FIGHTING,128
TAUROS-PALDEA-FIRE,FIGHTING,FIRE,128
TAUROS-PALDEA-WATER,FIGHTING,WATER,128
MAGIKARP,WATER,WATER,129
GYARADOS,FLYING,WATER,130
GYARADOS-MEGA,DARK,WATER,130
LAPRAS,ICE,WATER,131
DITTO,NORMAL,NORMAL,132
EEVEE,NORMAL,NORMAL,133
EEVEE-PARTNER,NORMAL,NORMAL,133
VAPOREON,WATER,WATER,134
JOLTEON,ELECTRIC,ELECTRIC,135
FLAREON,FIRE,FIRE,136
PORYGON,NORMAL,NORMAL,137
OMANYTE,ROCK,WATER,138
OMASTAR,ROCK,WATER,139
KABUTO,ROCK,WATER,140
KABUTOPS,ROCK,WATER,141
AERODACTYL,FLYING,ROCK,142
AERODACTYL-MEGA,FLYING,ROCK,142
SNORLAX,NORMAL,NORMAL,143
ARTICUNO,FLYING,ICE,144
ARTICUNO-GALAR,FLYING,PSYCHIC,144
ZAPDOS,ELECTRIC,FLYING,145
ZAPDOS-GALAR,FIGHTING,FLYING,145
MOLTRES,FIRE,FLYING,146
MOLTRES-GALAR,DARK,FLYING,146
DRATINI,DRAGON,DRAGON,147
DRAGONAIR,DRAGON,DRAGON,148
DRAGONITE,DRAGON,FLYING,149
MEWTWO,PSYCHIC,PSYCHIC,150
MEWTWO-MEGA-X,FIGHTING,PSYCHIC,150
MEWTWO-MEGA-Y,PSYCHIC,PSYCHIC,150
MEW,PSYCHIC,PSYCHIC,151
CHIKORITA,GRASS,GRASS,152
BAYLEEF,GRASS,GRASS,153
MEGANIUM,GRASS,GRASS,154
CYNDAQUIL,FIRE,FIRE,155
QUILAVA,FIRE,FIRE,156
TYPHLOSION,FIRE,FIRE,157
TYPHLOSION-HISUI,FIRE,GHOST,157
TOTODILE,WATER,WATER,158
CROCONAW,WATER,WATER,159
FERALIGATR,WATER,WATER,160
SENTRET,NORMAL,NORMAL,161
FURRET,NORMAL,NORMAL,162
HOOTHOOT,FLYING,NORMAL,163
NOCTOWL,FLYING,NORMAL,164
LEDYBA,BUG,FLYING,165
LEDIAN,BUG,FLYING,166
SPINARAK,BUG,POISON,167
ARIADOS,BUG,POISON,168
CROBAT,FLYING,POISON,169
CHINCHOU,ELECTRIC,WATER,170
LANTURN,ELECTRIC,WATER,171
PICHU,ELECTRIC,ELECTRIC,172
CLEFFA,FAIRY,FAIRY,173
IGGLYBUFF,FAIRY,NORMAL,174
TOGEPI,FAIRY,FAIRY,175
TOGETIC,FAIRY,FLYING,176
NATU,FLYING,PSYCHIC,177
XATU,FLYING,PSYCHIC,178
MAREEP,ELECTRIC,ELECTRIC,179
FLAAFFY,ELECTRIC,ELECTRIC,180
AMPHAROS,ELECTRIC,ELECTRIC,181
AMPHAROS-MEGA,DRAGON,ELECTRIC,181
BELLOSSOM,GRASS,GRASS,182
MARILL,FAIRY,WATER,183
AZUMARILL,FAIRY,WATER,184
SUDOWOODO,ROCK,ROCK,185
POLITOED,WATER,WATER,186
HOPPIP,FLYING,GRASS,187
SKIPLOOM,FLYING,GRASS,188
JUMPLUFF,FLYING,GRASS,189
AIPOM,NORMAL,NORMAL,190
SUNKERN,GRASS,GRASS,191
SUNFLORA,GRASS,GRASS,192
YANMA,BUG,FLYING,193
WOOPER,GROUND,WATER,194
WOOPER-PALDEA,GROUND,POISON,194
QUAGSIRE,GROUND,WATER,195
ESPEON,PSYCHIC,PSYCHIC,196
UMBREON,DARK,DARK,197
MURKROW,DARK,FLYING,198
SLOWKING,PSYCHIC,WATER,199
SLOWKING-GALAR,POISON,PSYCHIC,199
MISDREAVUS,GHOST,GHOST,200
UNOWN,PSYCHIC,PSYCHIC,201
WOBBUFFET,PSYCHIC,PSYCHIC,202
GIRAFARIG,NORMAL,PSYCHIC,203
PINECO,BUG,BUG,204
FORRETRESS,BUG,STEEL,205
DUNSPARCE,NORMAL,NORMAL,206
GLIGAR,FLYING,GROUND,207
STEELIX,GROUND,STEEL,208
STEELIX-MEGA,GROUND,STEEL,208
SNUBBULL,FAIRY,FAIRY,209
GRANBULL,FAIRY,FAIRY,210
QWILFISH,POISON,WATER,211
QWILFISH-HISUI,DARK,POISON,211
SCIZOR,BUG,STEEL,212
SCIZOR-MEGA,BUG,STEEL,212
SHUCKLE,BUG,ROCK,213
HERACROSS,BUG,FIGHTING,214
HERACROSS-MEGA,BUG,FIGHTING,214
SNEASEL,DARK,ICE,215
SNEASEL-HISUI,FIGHTING,POISON,215
TEDDIURSA,NORMAL,NORMAL,216
URSARING,NORMAL,NORMAL,217
SLUGMA,FIRE,FIRE,218
MAGCARGO,FIRE,ROCK,219
SWINUB,GROUND,ICE,220
PILOSWINE,GROUND,ICE,221
CORSOLA,ROCK,WATER,222
CORSOLA-GALAR,GHOST,GHOST,222
REMORAID,WATER,WATER,223
OCTILLERY,WATER,WATER,224
DELIBIRD,FLYING,ICE,225
MANTINE,FLYING,WATER,226
SKARMORY,FLYING,STEEL,227
HOUNDOUR,DARK,FIRE,228
HOUNDOOM,DARK,FIRE,229
HOUNDOOM-MEGA,DARK,FIRE,229
KINGDRA,DRAGON,WATER,230
PHANPY,GROUND,GROUND,231
DONPHAN,GROUND,GROUND,232
PORYGON2,NORMAL,NORMAL,233
STANTLER,NORMAL,NORMAL,234
SMEARGLE,NORMAL,NORMAL,235
TYROGUE,FIGHTING,FIGHTING,236
HITMONTOP,FIGHTING,FIGHTING,237
SMOOCHUM,ICE,PSYCHIC,238
ELEKID,ELECTRIC,ELECTRIC,239
MAGBY,FIRE,FIRE,240
MILTANK,NORMAL,NORMAL,241
BLISSEY,NORMAL,NORMAL,242
RAIKOU,ELECTRIC,ELECTRIC,243
ENTEI,FIRE,FIRE,244
SUICUNE,WATER,WATER,245
LARVITAR,GROUND,ROCK,246
PUPITAR,GROUND,ROCK,247
TYRANITAR,DARK,ROCK,248
TYRANITAR-MEGA,DARK,ROCK,248
LUGIA,FLYING,PSYCHIC,249
HO-OH,FIRE,FLYING,250
CELEBI,GRASS,PSYCHIC,251
TREECKO,GRASS,GRASS,252
GROVYLE,GRASS,GRASS,253
SCEPTILE,GRASS,GRASS,254
SCEPTILE-MEGA,DRAGON,GRASS,254
TORCHIC,FIRE,FIRE,255
COMBUSKEN,FIGHTING,FIRE,256
BLAZIKEN,FIGHTING,FIRE,257
BLAZIKEN-MEGA,FIGHTING,FIRE,257
MUDKIP,WATER,WATER,258
MARSHTOMP,GROUND,WATER,259
SWAMPERT,GROUND,WATER,260
SWAMPERT-MEGA,GROUND,WATER,260
POOCHYENA,DARK,DARK,261
MIGHTYENA,DARK,DARK,262
ZIGZAGOON,NORMAL,NORMAL,263
ZIGZAGOON-GALAR,DARK,NORMAL,263
LINOONE,NORMAL,NORMAL,264
LINOONE-GALAR,DARK,NORMAL,264
WURMPLE,BUG,BUG,265
SILCOON,BUG,BUG,266
BEAUTIFLY,BUG,FLYING,267
CASCOON,BUG,BUG,268
DUSTOX,BUG,POISON,269
LOTAD,GRASS,WATER,270
LOMBRE,GRASS,WATER,271
LUDICOLO,GRASS,WATER,272
SEEDOT,GRASS,GRASS,273
NUZLEAF,DARK,GRASS,274
SHIFTRY,DARK,GRASS,275
TAILLOW,FLYING,NORMAL,276
SWELLOW,FLYING,NORMAL,277
WINGULL,FLYING,WATER,278
PELIPPER,FLYING,WATER,279
RALTS,FAIRY,PSYCHIC,280
KIRLIA,FAIRY,PSYCHIC,281
GARDEVOIR,FAIRY,PSYCHIC,282
GARDEVOIR-MEGA,FAIRY,PSYCHIC,282
SURSKIT,BUG,WATER,283
MASQUERAIN,BUG,FLYING,284
SHROOMISH,GRASS,GRASS,285
BRELOOM,FIGHTING,GRASS,286
SLAKOTH,NORMAL,NORMAL,287
VIGOROTH,NORMAL,NORMAL,288
SLAKING,NORMAL,NORMAL,289
NINCADA,BUG,GROUND,290
NINJASK,BUG,FLYING,291
SHEDINJA,BUG,GHOST,292
WHISMUR,NORMAL,NORMAL,293
LOUDRED,NORMAL,NORMAL,294
EXPLOUD,NORMAL,NORMAL,295
MAKUHITA,FIGHTING,FIGHTING,296
HARIYAMA,FIGHTING,FIGHTING,297
AZURILL,FAIRY,NORMAL,298
NOSEPASS,ROCK,ROCK,299
SKITTY,NORMAL,NORMAL,300
DELCATTY,NORMAL,NORMAL,301
SABLEYE,DARK,GHOST,302
SABLEYE-MEGA,DARK,GHOST,302
MAWILE,FAIRY,STEEL,303
MAWILE-MEGA,FAIRY,STEEL,303
ARON,ROCK,STEEL,304
LAIRON,ROCK,STEEL,305
AGGRON,ROCK,STEEL,306
AGGRON-MEGA,STEEL,STEEL,306
MEDITITE,FIGHTING,PSYCHIC,307
MEDICHAM,FIGHTING,PSYCHIC,308
MEDICHAM-MEGA,FIGHTING,PSYCHIC,308
ELECTRIKE,ELECTRIC,ELECTRIC,309
MANECTRIC,ELECTRIC,ELECTRIC,310
MANECTRIC-MEGA,ELECTRIC,ELECTRIC,310
PLUSLE,ELECTRIC,ELECTRIC,311
MINUN,ELECTRIC,ELECTRIC,312
VOLBEAT,BUG,BUG,313
ILLUMISE,BUG,BUG,314
ROSELIA,GRASS,POISON,315
GULPIN,POISON,POISON,316
SWALOT,POISON,POISON,317
CARVANHA,DARK,WATER,318
SHARPEDO,DARK,WATER,319
SHARPEDO-MEGA,DARK,WATER,319
WAILMER,WATER,WATER,320
WAILORD,WATER,WATER,321
NUMEL,FIRE,GROUND,322
CAMERUPT,FIRE,GROUND,323
CAMERUPT-MEGA,FIRE,GROUND,323
TORKOAL,FIRE,FIRE,324
SPOINK,PSYCHIC,PSYCHIC,325
GRUMPIG,PSYCHIC,PSYCHIC,326
SPINDA,NORMAL,NORMAL,327
TRAPINCH,GROUND,GROUND,328
VIBRAVA,DRAGON,GROUND,329
FLYGON,DRAGON,GROUND,330
CACNEA,GRASS,GRASS,331
CACTURNE,DARK,GRASS,332
SWABLU,FLYING,NORMAL,333
ALTARIA,DRAGON,FLYING,334
ALTARIA-MEGA,DRAGON,FAIRY,334
ZANGOOSE,NORMAL,NORMAL,335
SEVIPER,POISON,POISON,336
LUNATONE,PSYCHIC,ROCK,337
SOLROCK,PSYCHIC,ROCK,338
BARBOACH,GROUND,WATER,339
WHISCASH,GROUND,WATER,340
CORPHISH,WATER,WATER,341
CRAWDAUNT,DARK,WATER,342
BALTOY,GROUND,PSYCHIC,343
CLAYDOL,GROUND,PSYCHIC,344
LILEEP,GRASS,ROCK,345
CRADILY,GRASS,ROCK,346
ANORITH,BUG,ROCK,347
ARMALDO,BUG,ROCK,348
FEEBAS,WATER,WATER,349
MILOTIC,WATER,WATER,350
CASTFORM,NORMAL,NORMAL,351
CASTFORM-SUNNY,FIRE,FIRE,351
CASTFORM-RAINY,WATER,WATER,351
CASTFORM-SNOWY,ICE,ICE,351
KECLEON,NORMAL,NORMAL,352
SHUPPET,GHOST,GHOST,353
BANETTE,GHOST,GHOST,354
BANETTE-MEGA,GHOST,GHOST,354
DUSKULL,GHOST,GHOST,355
DUSCLOPS,GHOST,GHOST,356
TROPIUS,FLYING,GRASS,357
CHIMECHO,PSYCHIC,PSYCHIC,358
ABSOL,DARK,DARK,359
ABSOL-MEGA,DARK,DARK,359
WYNAUT,PSYCHIC,PSYCHIC,360
SNORUNT,ICE,ICE,361
GLALIE,ICE,ICE,362
GLALIE-MEGA,ICE,ICE,362
SPHEAL,ICE,WATER,363
SEALEO,ICE,WATER,364
WALREIN,ICE,WATER,365
CLAMPERL,WATER,WATER,366
HUNTAIL,WATER,WATER,367
GOREBYSS,WATER,WATER,368
RELICANTH,ROCK,WATER,369
LUVDISC,WATER,WATER,370
BAGON,DRAGON,DRAGON,371
SHELGON,DRAGON,DRAGON,372
SALAMENCE,DRAGON,FLYING,373
SALAMENCE-MEGA,DRAGON,FLYING,373
BELDUM,PSYCHIC,STEEL,374
METANG,PSYCHIC,STEEL,375
METAGROSS,PSYCHIC,STEEL,376
METAGROSS-MEGA,PSYCHIC,STEEL,376
REGIROCK,ROCK,ROCK,377
REGICE,ICE,ICE,378
REGISTEEL,STEEL,STEEL,379
LATIAS,DRAGON,PSYCHIC,380
LATIAS-MEGA,DRAGON,PSYCHIC,380
LATIOS,DRAGON,PSYCHIC,381
LATIOS-MEGA,DRAGON,PSYCHIC,381
KYOGRE,WATER,WATER,382
KYOGRE-PRIMAL,WATER,WATER,382
GROUDON,GROUND,GROUND,383
GROUDON-PRIMAL,FIRE,GROUND,383
RAYQUAZA,DRAGON,FLYING,384
RAYQUAZA-MEGA,DRAGON,FLYING,384
JIRACHI,PSYCHIC,STEEL,385
DEOXYS,PSYCHIC,PSYCHIC,386
DEOXYS-ATTACK,PSYCHIC,PSYCHIC,386
DEOXYS-DEFENSE,PSYCHIC,PSYCHIC,386
DEOXYS-SPEED,PSYCHIC,PSYCHIC,386
TURTWIG,GRASS,GRASS,387
GROTLE,GRASS,GRASS,388
TORTERRA,GRASS,GROUND,389
CHIMCHAR,FIRE,FIRE,390
MONFERNO,FIGHTING,FIRE,391
INFERNAPE,FIGHTING,FIRE,392
PIPLUP,WATER,WATER,393
PRINPLUP,WATER,WATER,394
EMPOLEON,STEEL,WATER,395
STARLY,FLYING,NORMAL,396
STARAVIA,FLYING,NORMAL,397
STARAPTOR,FLYING,NORMAL,398
BIDOOF,NORMAL,NORMAL,399
BIBAREL,NORMAL,WATER,400
KRICKETOT,BUG,BUG,401
KRICKETUNE,BUG,BUG,402
SHINX,ELECTRIC,ELECTRIC,403
LUXIO,ELECTRIC,ELECTRIC,404
LUXRAY,ELECTRIC,ELECTRIC,405
BUDEW,GRASS,POISON,406
ROSERADE,GRASS,POISON,407
CRANIDOS,ROCK,ROCK,408
RAMPARDOS,ROCK,ROCK,409
SHIELDON,ROCK,STEEL,410
BASTIODON,ROCK,STEEL,411
BURMY,BUG,BUG,412
BURMY-SANDY,BUG,BUG,412
BURMY-TRASH,BUG,BUG,412
WORMADAM,BUG,GRASS,413
WORMADAM-SANDY,BUG,GROUND,413
WORMADAM-TRASH,BUG,STEEL,413
MOTHIM,BUG,FLYING,414
COMBEE,BUG,FLYING,415
VESPIQUEN,BUG,FLYING,416
PACHIRISU,ELECTRIC,ELECTRIC,417
BUIZEL,WATER,WATER,418
FLOATZEL,WATER,WATER,419
CHERUBI,GRASS,GRASS,420
CHERRIM,GRASS,GRASS,421
SHELLOS,WATER,WATER,422
GASTRODON,GROUND,WATER,423
AMBIPOM,NORMAL,NORMAL,424
DRIFLOON,FLYING,GHOST,425
DRIFBLIM,FLYING,GHOST,426
BUNEARY,NORMAL,NORMAL,427
LOPUNNY,NORMAL,NORMAL,428
LOPUNNY-MEGA,FIGHTING,NORMAL,428
MISMAGIUS,GHOST,GHOST,429
HONCHKROW,DARK,FLYING,430
GLAMEOW,NORMAL,NORMAL,431
PURUGLY,NORMAL,NORMAL,432
CHINGLING,PSYCHIC,PSYCHIC,433
STUNKY,DARK,POISON,434
SKUNTANK,DARK,POISON,435
BRONZOR,PSYCHIC,STEEL,436
BRONZONG,PSYCHIC,STEEL,437
BONSLY,ROCK,ROCK,438
MIME JR.,FAIRY,PSYCHIC,439
HAPPINY,NORMAL,NORMAL,440
CHATOT,FLYING,NORMAL,441
SPIRITOMB,DARK,GHOST,442
GIBLE,DRAGON,GROUND,443
GABITE,DRAGON,GROUND,444
GARCHOMP,DRAGON,GROUND,445
GARCHOMP-MEGA,DRAGON,GROUND,445
MUNCHLAX,NORMAL,NORMAL,446
RIOLU,FIGHTING,FIGHTING,447
LUCARIO,FIGHTING,STEEL,448
LUCARIO-MEGA,FIGHTING,STEEL,448
HIPPOPOTAS,GROUND,GROUND,449
HIPPOWDON,GROUND,GROUND,450
SKORUPI,BUG,POISON,451
DRAPION,DARK,POISON,452
CROAGUNK,FIGHTING,POISON,453
TOXICROAK,FIGHTING,POISON,454
CARNIVINE,GRASS,GRASS,455
FINNEON,WATER,WATER,456
LUMINEON,WATER,WATER,457
MANTYKE,FLYING,WATER,458
SNOVER,GRASS,ICE,459
ABOMASNOW,GRASS,ICE,460
ABOMASNOW-MEGA,GRASS,ICE,460
WEAVILE,DARK,ICE,461
MAGNEZONE,ELECTRIC,STEEL,462
LICKILICKY,NORMAL,NORMAL,463
RHYPERIOR,GROUND,ROCK,464
TANGROWTH,GRASS,GRASS,465
ELECTIVIRE,ELECTRIC,ELECTRIC,466
MAGMORTAR,FIRE,FIRE,467
TOGEKISS,FAIRY,FLYING,468
YANMEGA,BUG,FLYING,469
LEAFEON,GRASS,GRASS,470
GLACEON,ICE,ICE,471
GLISCOR,FLYING,GROUND,472
MAMOSWINE,GROUND,ICE,473
PORYGON-Z,NORMAL,NORMAL,474
GALLADE,FIGHTING,PSYCHIC,475
GALLADE-MEGA,FIGHTING,PSYCHIC,475
PROBOPASS,ROCK,STEEL,476
DUSKNOIR,GHOST,GHOST,477
FROSLASS,GHOST,ICE,478
ROTOM,ELECTRIC,GHOST,479
ROTOM-HEAT,ELECTRIC,FIRE,479
ROTOM-WASH,ELECTRIC,WATER,479
ROTOM-FROST,ELECTRIC,ICE,479
ROTOM-FAN,ELECTRIC,FLYING,479
ROTOM-MOW,ELECTRIC,GRASS,479
UXIE,PSYCHIC,PSYCHIC,480
MESPRIT,PSYCHIC,PSYCHIC,481
AZELF,PSYCHIC,PSYCHIC,482
DIALGA,DRAGON,STEEL,483
DIALGA-ORIGIN,DRAGON,STEEL,483
PALKIA,DRAGON,WATER,484
PALKIA-ORIGIN,DRAGON,WATER,484
HEATRAN,FIRE,STEEL,485
REGIGIGAS,NORMAL,NORMAL,486
GIRATINA,DRAGON,GHOST,487
GIRATINA-ORIGIN,DRAGON,GHOST,487
CRESSELIA,PSYCHIC,PSYCHIC,488
PHIONE,WATER,WATER,489
MANAPHY,WATER,WATER,490
DARKRAI,DARK,DARK,491
SHAYMIN,GRASS,GRASS,492
SHAYMIN-SKY,FLYING,GRASS,492
ARCEUS,NORMAL,NORMAL,493
VICTINI,FIRE,PSYCHIC,494
SNIVY,GRASS,GRASS,495
SERVINE,GRASS,GRASS,496
SERPERIOR,GRASS,GRASS,497
TEPIG,FIRE,FIRE,498
PIGNITE,FIGHTING,FIRE,499
EMBOAR,FIGHTING,FIRE,500
OSHAWOTT,WATER,WATER,501
DEWOTT,WATER,WATER,502
SAMUROTT,WATER,WATER,503
SAMUROTT-HISUI,DARK,WATER,503
PATRAT,NORMAL,NORMAL,504
WATCHOG,NORMAL,NORMAL,505
LILLIPUP,NORMAL,NORMAL,506
HERDIER,NORMAL,NORMAL,507
STOUTLAND,NORMAL,NORMAL,508
PURRLOIN,DARK,DARK,509
LIEPARD,DARK,DARK,510
PANSAGE,GRASS,GRASS,511
SIMISAGE,GRASS,GRASS,512
PANSEAR,FIRE,FIRE,513
SIMISEAR,FIRE,FIRE,514
PANPOUR,WATER,WATER,515
SIMIPOUR,WATER,WATER,516
MUNNA,PSYCHIC,PSYCHIC,517
MUSHARNA,PSYCHIC,PSYCHIC,518
PIDOVE,FLYING,NORMAL,519
TRANQUILL,FLYING,NORMAL,520
UNFEZANT,FLYING,NORMAL,521
BLITZLE,ELECTRIC,ELECTRIC,522
ZEBSTRIKA,ELECTRIC,ELECTRIC,523
ROGGENROLA,ROCK,ROCK,524
BOLDORE,ROCK,ROCK,525
GIGALITH,ROCK,ROCK,526
WOOBAT,FLYING,PSYCHIC,527
SWOOBAT,FLYING,PSYCHIC,528
DRILBUR,GROUND,GROUND,529
EXCADRILL,GROUND,STEEL,530
AUDINO,NORMAL,NORMAL,531
AUDINO-MEGA,FAIRY,NORMAL,531
TIMBURR,FIGHTING,FIGHTING,532
GURDURR,FIGHTING,FIGHTING,533
CONKELDURR,FIGHTING,FIGHTING,534
TYMPOLE,WATER,WATER,535
PALPITOAD,GROUND,WATER,536
SEISMITOAD,GROUND,WATER,537
THROH,FIGHTING,FIGHTING,538
SAWK,FIGHTING,FIGHTING,539
SEWADDLE,BUG,GRASS,540
SWADLOON,BUG,GRASS,541
LEAVANNY,BUG,GRASS,542
VENIPEDE,BUG,POISON,543
WHIRLIPEDE,BUG,POISON,544
SCOLIPEDE,BUG,POISON,545
COTTONEE,FAIRY,GRASS,546
WHIMSICOTT,FAIRY,GRASS,547
PETILIL,GRASS,GRASS,548
LILLIGANT,GRASS,GRASS,549
LILLIGANT-HISUI,FIGHTING,GRASS,549
BASCULIN,WATER,WATER,550
BASCULIN-BLUE-STRIPED,WATER,WATER,550
BASCULIN-WHITE-STRIPED,WATER,WATER,550
SANDILE,DARK,GROUND,551
KROKOROK,DARK,GROUND,552
KROOKODILE,DARK,GROUND,553
DARUMAKA,FIRE,FIRE,554
DARUMAKA-GALAR,ICE,ICE,554
DARMANITAN,FIRE,FIRE,555
DARMANITAN-ZEN,FIRE,PSYCHIC,555
DARMANITAN-GALAR,ICE,ICE,555
DARMANITAN-GALAR-ZEN,FIRE,ICE,555
MARACTUS,GRASS,GRASS,556
DWEBBLE,BUG,ROCK,557
CRUSTLE,BUG,ROCK,558
SCRAGGY,DARK,FIGHTING,559
SCRAFTY,DARK,FIGHTING,560
SIGILYPH,FLYING,PSYCHIC,561
YAMASK,GHOST,GHOST,562
YAMASK-GALAR,GHOST,GROUND,562
COFAGRIGUS,GHOST,GHOST,563
TIRTOUGA,ROCK,WATER,564
CARRACOSTA,ROCK,WATER,565
ARCHEN,FLYING,ROCK,566
ARCHEOPS,FLYING,ROCK,567
TRUBBISH,POISON,POISON,568
GARBODOR,POISON,POISON,569
ZORUA,DARK,DARK,570
ZORUA-HISUI,GHOST,NORMAL,570
ZOROARK,DARK,DARK,571
ZOROARK-HISUI,GHOST,NORMAL,571
MINCCINO,NORMAL,NORMAL,572
CINCCINO,NORMAL,NORMAL,573
GOTHITA,PSYCHIC,PSYCHIC,574
GOTHORITA,PSYCHIC,PSYCHIC,575
GOTHITELLE,PSYCHIC,PSYCHIC,576
SOLOSIS,PSYCHIC,PSYCHIC,577
DUOSION,PSYCHIC,PSYCHIC,578
REUNICLUS,PSYCHIC,PSYCHIC,579
DUCKLETT,FLYING,WATER,580
SWANNA,FLYING,WATER,581
VANILLITE,ICE,ICE,582
VANILLISH,ICE,ICE,583
VANILLUXE,ICE,ICE,584
DEERLING,GRASS,NORMAL,585
SAWSBUCK,GRASS,NORMAL,586
EMOLGA,ELECTRIC,FLYING,587
KARRABLAST,BUG,BUG,588
ESCAVALIER,BUG,STEEL,589
FOONGUS,GRASS,POISON,590
AMOONGUSS,GRASS,POISON,591
FRILLISH,GHOST,WATER,592
JELLICENT,GHOST,WATER,593
ALOMOMOLA,WATER,WATER,594
JOLTIK,BUG,ELECTRIC,595
GALVANTULA,BUG,ELECTRIC,596
FERROSEED,GRASS,STEEL,597
FERROTHORN,GRASS,STEEL,598
KLINK,STEEL,STEEL,599
KLANG,STEEL,STEEL,600
KLINKLANG,STEEL,STEEL,601
TYNAMO,ELECTRIC,ELECTRIC,602
EELEKTRIK,ELECTRIC,ELECTRIC,603
EELEKTROSS,ELECTRIC,ELECTRIC,604
ELGYEM,PSYCHIC,PSYCHIC,605
BEHEEYEM,PSYCHIC,PSYCHIC,606
LITWICK,FIRE,GHOST,607
LAMPENT,FIRE,GHOST,608
CHANDELURE,FIRE,GHOST,609
AXEW,DRAGON,DRAGON,610
FRAXURE,DRAGON,DRAGON,611
HAXORUS,DRAGON,DRAGON,612
CUBCHOO,ICE,ICE,613
BEARTIC,ICE,ICE,614
CRYOGONAL,ICE,ICE,615
SHELMET,BUG,BUG,616
ACCELGOR,BUG,BUG,617
STUNFISK,ELECTRIC,GROUND,618
STUNFISK-GALAR,GROUND,STEEL,618
MIENFOO,FIGHTING,FIGHTING,619
MIENSHAO,FIGHTING,FIGHTING,620
DRUDDIGON,DRAGON,DRAGON,621
GOLETT,GHOST,GROUND,622
GOLURK,GHOST,GROUND,623
PAWNIARD,DARK,STEEL,624
BISHARP,DARK,STEEL,625
BOUFFALANT,NORMAL,NORMAL,626
RUFFLET,FLYING,NORMAL,627
BRAVIARY,FLYING,NORMAL,628
BRAVIARY-HISUI,FLYING,PSYCHIC,628
VULLABY,DARK,FLYING,629
MANDIBUZZ,DARK,FLYING,630
HEATMOR,FIRE,FIRE,631
DURANT,BUG,STEEL,632
DEINO,DARK,DRAGON,633
ZWEILOUS,DARK,DRAGON,634
HYDREIGON,DARK,DRAGON,635
LARVESTA,BUG,FIRE,636
VOLCARONA,BUG,FIRE,637
COBALION,FIGHTING,STEEL,638
TERRAKION,FIGHTING,ROCK,639
VIRIZION,FIGHTING,GRASS,640
TORNADUS,FLYING,FLYING,641
TORNADUS-THERIAN,FLYING,FLYING,641
THUNDURUS,ELECTRIC,FLYING,642
THUNDURUS-THERIAN,ELECTRIC,FLYING,642
RESHIRAM,DRAGON,FIRE,643
ZEKROM,DRAGON,ELECTRIC,644
LANDORUS,FLYING,GROUND,645
LANDORUS-THERIAN,FLYING,GROUND,645
KYUREM,DRAGON,ICE,646
KYUREM-WHITE,DRAGON,ICE,646
KYUREM-BLACK,DRAGON,ICE,646
KELDEO,FIGHTING,WATER,647
KELDEO-RESOLUTE,FIGHTING,WATER,647
MELOETTA,FIGHTING,NORMAL,648
GENESECT,BUG,STEEL,649
CHESPIN,GRASS,GRASS,650
QUILLADIN,GRASS,GRASS,651
CHESNAUGHT,FIGHTING,GRASS,652
FENNEKIN,FIRE,FIRE,653
BRAIXEN,FIRE,FIRE,654
DELPHOX,FIRE,PSYCHIC,655
FROAKIE,WATER,WATER,656
FROGADIER,WATER,WATER,657
GRENINJA,DARK,WATER,658
GRENINJA-ASH,DARK,WATER,658
BUNNELBY,NORMAL,NORMAL,659
DIGGERSBY,GROUND,NORMAL,660
FLETCHLING,FLYING,NORMAL,661
FLETCHINDER,FIRE,FLYING,662
TALONFLAME,FIRE,FLYING,663
SCATTERBUG,BUG,BUG,664
SPEWPA,BUG,BUG,665
VIVILLON,BUG,FLYING,666
LITLEO,FIRE,NORMAL,667
PYROAR,FIRE,NORMAL,668
FLABÉBÉ,FAIRY,FAIRY,669
FLOETTE,FAIRY,FAIRY,670
FLORGES,FAIRY,FAIRY,671
SKIDDO,GRASS,GRASS,672
GOGOAT,GRASS,GRASS,673
PANCHAM,FIGHTING,FIGHTING,674
PANGORO,DARK,FIGHTING,675
FURFROU,NORMAL,NORMAL,676
ESPURR,PSYCHIC,PSYCHIC,677
MEOWSTIC-M,PSYCHIC,PSYCHIC,678
MEOWSTIC-F,PSYCHIC,PSYCHIC,678
HONEDGE,GHOST,STEEL,679
DOUBLADE,GHOST,STEEL,680
AEGISLASH,GHOST,STEEL,681
AEGISLASH-BLADE,GHOST,STEEL,681
SPRITZEE,FAIRY,FAIRY,682
AROMATISSE,FAIRY,FAIRY,683
SWIRLIX,FAIRY,FAIRY,684
SLURPUFF,FAIRY,FAIRY,685
INKAY,DARK,PSYCHIC,686
MALAMAR,DARK,PSYCHIC,687
BINACLE,ROCK,WATER,688
BARBARACLE,ROCK,WATER,689
SKRELP,POISON,WATER,690
DRAGALGE,DRAGON,POISON,691
CLAUNCHER,WATER,WATER,692
CLAWITZER,WATER,WATER,693
HELIOPTILE,ELECTRIC,NORMAL,694
HELIOLISK,ELECTRIC,NORMAL,695
TYRUNT,DRAGON,ROCK,696
TYRANTRUM,DRAGON,ROCK,697
AMAURA,ICE,ROCK,698
AURORUS,ICE,ROCK,699
SYLVEON,FAIRY,FAIRY,700
HAWLUCHA,FIGHTING,FLYING,701
DEDENNE,ELECTRIC,FAIRY,702
CARBINK,FAIRY,ROCK,703
GOOMY,DRAGON,DRAGON,704
SLIGGOO,DRAGON,DRAGON,705
SLIGGOO-HISUI,DRAGON,STEEL,705
GOODRA,DRAGON,DRAGON,706
GOODRA-HISUI,DRAGON,STEEL,706
KLEFKI,FAIRY,STEEL,707
PHANTUMP,GHOST,GRASS,708
TREVENANT,GHOST,GRASS,709
PUMPKABOO,GHOST,GRASS,710
PUMPKABOO-SMALL,GHOST,GRASS,710
PUMPKABOO-LARGE,GHOST,GRASS,710
PUMPKABOO-SUPER,GHOST,GRASS,710
GOURGEIST,GHOST,GRASS,711
GOURGEIST-SMALL,GHOST,GRASS,711
GOURGEIST-LARGE,GHOST,GRASS,711
GOURGEIST-SUPER,GHOST,GRASS,711
BERGMITE,ICE,ICE,712
AVALUGG,ICE,ICE,713
AVALUGG-HISUI,ICE,ROCK,713
NOIBAT,DRAGON,FLYING,714
NOIVERN,DRAGON,FLYING,715
XERNEAS,FAIRY,FAIRY,716
YVELTAL,DARK,FLYING,717
ZYGARDE,DRAGON,GROUND,718
ZYGARDE-10%,DRAGON,GROUND,718
ZYGARDE-COMPLETE,DRAGON,GROUND,718
DIANCIE,FAIRY,ROCK,719
DIANCIE-MEGA,FAIRY,ROCK,719
HOOPA,GHOST,PSYCHIC,720
HOOPA-UNBOUND,DARK,PSYCHIC,720
VOLCANION,FIRE,WATER,721
ROWLET,FLYING,GRASS,722
DARTRIX,FLYING,GRASS,723
DECIDUEYE,GHOST,GRASS,724
DECIDUEYE-HISUI,FIGHTING,GRASS,724
LITTEN,FIRE,FIRE,725
TORRACAT,FIRE,FIRE,726
INCINEROAR,DARK,FIRE,727
POPPLIO,WATER,WATER,728
BRIONNE,WATER,WATER,729
PRIMARINA,FAIRY,WATER,730
PIKIPEK,FLYING,NORMAL,731
TRUMBEAK,FLYING,NORMAL,732
TOUCANNON,FLYING,NORMAL,733
YUNGOOS,NORMAL,NORMAL,734
GUMSHOOS,NORMAL,NORMAL,735
GRUBBIN,BUG,BUG,736
CHARJABUG,BUG,ELECTRIC,737
VIKAVOLT,BUG,ELECTRIC,738
CRABRAWLER,FIGHTING,FIGHTING,739
CRABOMINABLE,FIGHTING,ICE,740
ORICORIO,FIRE,FLYING,741
ORICORIO-POM-POM,ELECTRIC,FLYING,741
ORICORIO-PA'U,FLYING,PSYCHIC,741
ORICORIO-SENSU,FLYING,GHOST,741
CUTIEFLY,BUG,FAIRY,742
RIBOMBEE,BUG,FAIRY,743
ROCKRUFF,ROCK,ROCK,744
LYCANROC,ROCK,ROCK,745
LYCANROC-MIDNIGHT,ROCK,ROCK,745
LYCANROC-DUSK,ROCK,ROCK,745
WISHIWASHI,WATER,WATER,746
WISHIWASHI-SCHOOL,WATER,WATER,746
MAREANIE,POISON,WATER,747
TOXAPEX,POISON,WATER,748
MUDBRAY,GROUND,GROUND,749
MUDSDALE,GROUND,GROUND,750
DEWPIDER,BUG,WATER,751
ARAQUANID,BUG,WATER,752
FOMANTIS,GRASS,GRASS,753
LURANTIS,GRASS,GRASS,754
MORELULL,FAIRY,GRASS,755
SHIINOTIC,FAIRY,GRASS,756
SALANDIT,FIRE,POISON,757
SALAZZLE,FIRE,POISON,758
STUFFUL,FIGHTING,NORMAL,759
BEWEAR,FIGHTING,NORMAL,760
BOUNSWEET,GRASS,GRASS,761
STEENEE,GRASS,GRASS,762
TSAREENA,GRASS,GRASS,763
COMFEY,FAIRY,FAIRY,764
ORANGURU,NORMAL,PSYCHIC,765
PASSIMIAN,FIGHTING,FIGHTING,766
WIMPOD,BUG,WATER,767
GOLISOPOD,BUG,WATER,768
SANDYGAST,GHOST,GROUND,769
PALOSSAND,GHOST,GROUND,770
PYUKUMUKU,WATER,WATER,771
TYPE: NULL,NORMAL,NORMAL,772
SILVALLY,NORMAL,NORMAL,773
MINIOR-METEOR,FLYING,ROCK,774
MINIOR,FLYING,ROCK,774
KOMALA,NORMAL,NORMAL,775
TURTONATOR,DRAGON,FIRE,776
TOGEDEMARU,ELECTRIC,STEEL,777
MIMIKYU,FAIRY,GHOST,778
BRUXISH,PSYCHIC,WATER,779
DRAMPA,DRAGON,NORMAL,780
DHELMISE,GHOST,GRASS,781
JANGMO-O,DRAGON,DRAGON,782
HAKAMO-O,DRAGON,FIGHTING,783
KOMMO-O,DRAGON,FIGHTING,784
TAPU KOKO,ELECTRIC,FAIRY,785
TAPU LELE,FAIRY,PSYCHIC,786
TAPU BULU,FAIRY,GRASS,787
TAPU FINI,FAIRY,WATER,788
COSMOG,PSYCHIC,PSYCHIC,789
COSMOEM,PSYCHIC,PSYCHIC,790
SOLGALEO,PSYCHIC,STEEL,791
LUNALA,GHOST,PSYCHIC,792
NIHILEGO,POISON,ROCK,793
BUZZWOLE,BUG,FIGHTING,794
PHEROMOSA,BUG,FIGHTING,795
XURKITREE,ELECTRIC,ELECTRIC,796
CELESTEELA,FLYING,STEEL,797
KARTANA,GRASS,STEEL,798
GUZZLORD,DARK,DRAGON,799
NECROZMA,PSYCHIC,PSYCHIC,800
NECROZMA-DUSK-MANE,PSYCHIC,STEEL,800
NECROZMA-DAWN-WINGS,GHOST,PSYCHIC,800
NECROZMA-ULTRA,DRAGON,PSYCHIC,800
MAGEARNA,FAIRY,STEEL,801
MARSHADOW,FIGHTING,GHOST,802
POIPOLE,POISON,POISON,803
NAGANADEL,DRAGON,POISON,804
STAKATAKA,ROCK,STEEL,805
BLACEPHALON,FIRE,GHOST,806
ZERAORA,ELECTRIC,ELECTRIC,807
MELTAN,STEEL,STEEL,808
MELMETAL,STEEL,STEEL,809
GROOKEY,GRASS,GRASS,810
THWACKEY,GRASS,GRASS,811
RILLABOOM,GRASS,GRASS,812
SCORBUNNY,FIRE,FIRE,813
RABOOT,FIRE,FIRE,814
CINDERACE,FIRE,FIRE,815
SOBBLE,WATER,WATER,816
DRIZZILE,WATER,WATER,817
INTELEON,WATER,WATER,818
SKWOVET,NORMAL,NORMAL,819
GREEDENT,NORMAL,NORMAL,820
ROOKIDEE,FLYING,FLYING,821
CORVISQUIRE,FLYING,FLYING,822
CORVIKNIGHT,FLYING,STEEL,823
BLIPBUG,BUG,BUG,824
DOTTLER,BUG,PSYCHIC,825
ORBEETLE,BUG,PSYCHIC,826
NICKIT,DARK,DARK,827
THIEVUL,DARK,DARK,828
GOSSIFLEUR,GRASS,GRASS,829
ELDEGOSS,GRASS,GRASS,830
WOOLOO,NORMAL,NORMAL,831
DUBWOOL,NORMAL,NORMAL,832
CHEWTLE,WATER,WATER,833
DREDNAW,ROCK,WATER,834
YAMPER,ELECTRIC,ELECTRIC,835
BOLTUND,ELECTRIC,ELECTRIC,836
ROLYCOLY,ROCK,ROCK,837
CARKOL,FIRE,ROCK,838
COALOSSAL,FIRE,ROCK,839
APPLIN,DRAGON,GRASS,840
FLAPPLE,DRAGON,GRASS,841
APPLETUN,DRAGON,GRASS,842
SILICOBRA,GROUND,GROUND,843
SANDACONDA,GROUND,GROUND,844
CRAMORANT,FLYING,WATER,845
ARROKUDA,WATER,WATER,846
BARRASKEWDA,WATER,WATER,847
TOXEL,ELECTRIC,POISON,848
TOXTRICITY,ELECTRIC,POISON,849
TOXTRICITY-LOW-KEY,ELECTRIC,POISON,849
SIZZLIPEDE,BUG,FIRE,850
CENTISKORCH,BUG,FIRE,851
CLOBBOPUS,FIGHTING,FIGHTING,852
GRAPPLOCT,FIGHTING,FIGHTING,853
SINISTEA,GHOST,GHOST,854
POLTEAGEIST,GHOST,GHOST,855
HATENNA,PSYCHIC,PSYCHIC,856
HATTREM,PSYCHIC,PSYCHIC,857
HATTERENE,FAIRY,PSYCHIC,858
IMPIDIMP,DARK,FAIRY,859
MORGREM,DARK,FAIRY,860
GRIMMSNARL,DARK,FAIRY,861
OBSTAGOON,DARK,NORMAL,862
PERRSERKER,STEEL,STEEL,863
CURSOLA,GHOST,GHOST,864
SIRFETCH'D,FIGHTING,FIGHTING,865
MR. RIME,ICE,PSYCHIC,866
RUNERIGUS,GHOST,GROUND,867
MILCERY,FAIRY,FAIRY,868
ALCREMIE,FAIRY,FAIRY,869
FALINKS,FIGHTING,FIGHTING,870
PINCURCHIN,ELECTRIC,ELECTRIC,871
SNOM,BUG,ICE,872
FROSMOTH,BUG,ICE,873
STONJOURNER,ROCK,ROCK,874
EISCUE,ICE,ICE,875
EISCUE-NOICE,ICE,ICE,875
INDEEDEE-M,NORMAL,PSYCHIC,876
INDEEDEE-F,NORMAL,PSYCHIC,876
MORPEKO,DARK,ELECTRIC,877
MORPEKO-HANGRY,DARK,ELECTRIC,877
CUFANT,STEEL,STEEL,878
COPPERAJAH,STEEL,STEEL,879
DRACOZOLT,DRAGON,ELECTRIC,880
ARCTOZOLT,ELECTRIC,ICE,881
DRACOVISH,DRAGON,WATER,882
ARCTOVISH,ICE,WATER,883
DURALUDON,DRAGON,STEEL,884
DREEPY,DRAGON,GHOST,885
DRAKLOAK,DRAGON,GHOST,886
DRAGAPULT,DRAGON,GHOST,887
ZACIAN,FAIRY,FAIRY,888
ZACIAN-CROWNED,FAIRY,STEEL,888
ZAMAZENTA,FIGHTING,FIGHTING,889
ZAMAZENTA-CROWNED,FIGHTING,STEEL,889
ETERNATUS,DRAGON,POISON,890
ETERNATUS-ETERNAMAX,DRAGON,POISON,890
KUBFU,FIGHTING,FIGHTING,891
URSHIFU,DARK,FIGHTING,892
URSHIFU-RAPID-STRIKE,FIGHTING,WATER,892
ZARUDE,DARK,GRASS,893
REGIELEKI,ELECTRIC,ELECTRIC,894
REGIDRAGO,DRAGON,DRAGON,895
GLASTRIER,ICE,ICE,896
SPECTRIER,GHOST,GHOST,897
CALYREX,GRASS,PSYCHIC,898
CALYREX-ICE,ICE,PSYCHIC,898
CALYREX-SHADOW,GHOST,PSYCHIC,898
WYRDEER,NORMAL,PSYCHIC,899
KLEAVOR,BUG,ROCK,900
URSALUNA,GROUND,NORMAL,901
BASCULEGION-M,GHOST,WATER,902
BASCULEGION-F,GHOST,WATER,902
SNEASLER,FIGHTING,POISON,903
OVERQWIL,DARK,POISON,904
ENAMORUS,FAIRY,FLYING,905
ENAMORUS-THERIAN,FAIRY,FLYING,905
SPRIGATITO,GRASS,GRASS,906
FLORAGATO,GRASS,GRASS,907
MEOWSCARADA,DARK,GRASS,908
FUECOCO,FIRE,FIRE,909
CROCALOR,FIRE,FIRE,910
SKELEDIRGE,FIRE,GHOST,911
QUAXLY,WATER,WATER,912
QUAXWELL,WATER,WATER,913
QUAQUAVAL,FIGHTING,WATER,914
LECHONK,NORMAL,NORMAL,915
OINKOLOGNE-M,NORMAL,NORMAL,916
OINKOLOGNE-F,NORMAL,NORMAL,916
TAROUNTULA,BUG,BUG,917
SPIDOPS,BUG,BUG,918
NYMBLE,BUG,BUG,919
LOKIX,BUG,DARK,920
PAWMI,ELECTRIC,ELECTRIC,921
PAWMO,ELECTRIC,FIGHTING,922
PAWMOT,ELECTRIC,FIGHTING,923
TANDEMAUS,NORMAL,NORMAL,924
MAUSHOLD,NORMAL,NORMAL,925
MAUSHOLD-FOUR,NORMAL,NORMAL,925
FIDOUGH,FAIRY,FAIRY,926
DACHSBUN,FAIRY,FAIRY,927
SMOLIV,GRASS,NORMAL,928
DOLLIV,GRASS,NORMAL,929
ARBOLIVA,GRASS,NORMAL,930
SQUAWKABILLY,FLYING,NORMAL,931
SQUAWKABILLY-BLUE,FLYING,NORMAL,931
SQUAWKABILLY-YELLOW,FLYING,NORMAL,931
SQUAWKABILLY-WHITE,FLYING,NORMAL,931
NACLI,ROCK,ROCK,932
NACLSTACK,ROCK,ROCK,933
GARGANACL,ROCK,ROCK,934
CHARCADET,FIRE,FIRE,935
ARMAROUGE,FIRE,PSYCHIC,936
CERULEDGE,FIRE,GHOST,937
TADBULB,ELECTRIC,ELECTRIC,938
BELLIBOLT,ELECTRIC,ELECTRIC,939
WATTREL,ELECTRIC,FLYING,940
KILOWATTREL,ELECTRIC,FLYING,941
MASCHIFF,DARK,DARK,942
MABOSSTIFF,DARK,DARK,943
SHROODLE,NORMAL,POISON,944
GRAFAIAI,NORMAL,POISON,945
BRAMBLIN,GHOST,GRASS,946
BRAMBLEGHAST,GHOST,GRASS,947
TOEDSCOOL,GRASS,GROUND,948
TOEDSCRUEL,GRASS,GROUND,949
KLAWF,ROCK,ROCK,950
CAPSAKID,GRASS,GRASS,951
SCOVILLAIN,FIRE,GRASS,952
RELLOR,BUG,BUG,953
RABSCA,BUG,PSYCHIC,954
FLITTLE,PSYCHIC,PSYCHIC,955
ESPATHRA,PSYCHIC,PSYCHIC,956
TINKATINK,FAIRY,STEEL,957
TINKATUFF,FAIRY,STEEL,958
TINKATON,FAIRY,STEEL,959
WIGLETT,WATER,WATER,960
WUGTRIO,WATER,WATER,961
BOMBIRDIER,DARK,FLYING,962
FINIZEN,WATER,WATER,963
PALAFIN,WATER,WATER,964
PALAFIN-HERO,WATER,WATER,964
VAROOM,POISON,STEEL,965
REVAVROOM,POISON,STEEL,966
CYCLIZAR,DRAGON,NORMAL,967
ORTHWORM,STEEL,STEEL,968
GLIMMET,POISON,ROCK,969
GLIMMORA,POISON,ROCK,970
GREAVARD,GHOST,GHOST,971
HOUNDSTONE,GHOST,GHOST,972
FLAMIGO,FIGHTING,FLYING,973
CETODDLE,ICE,ICE,974
CETITAN,ICE,ICE,975
VELUZA,PSYCHIC,WATER,976
DONDOZO,WATER,WATER,977
TATSUGIRI,DRAGON,WATER,978
ANNIHILAPE,FIGHTING,GHOST,979
CLODSIRE,GROUND,POISON,980
FARIGIRAF,NORMAL,PSYCHIC,981
DUDUNSPARCE,NORMAL,NORMAL,982
DUDUNSPARCE-THREE,NORMAL,NORMAL,982
KINGAMBIT,DARK,STEEL,983
GREAT TUSK,FIGHTING,GROUND,984
SCREAM TAIL,FAIRY,PSYCHIC,985
BRUTE BONNET,DARK,GRASS,986
FLUTTER MANE,FAIRY,GHOST,987
SLITHER WING,BUG,FIGHTING,988
SANDY SHOCKS,ELECTRIC,GROUND,989
IRON TREADS,GROUND,STEEL,990
IRON BUNDLE,ICE,WATER,991
IRON HANDS,ELECTRIC,FIGHTING,992
IRON JUGULIS,DARK,FLYING,993
IRON MOTH,FIRE,POISON,994
IRON THORNS,ELECTRIC,ROCK,995
FRIGIBAX,DRAGON,ICE,996
ARCTIBAX,DRAGON,ICE,997
BAXCALIBUR,DRAGON,ICE,998
GIMMIGHOUL,GHOST,GHOST,999
GIMMIGHOUL-ROAMING,GHOST,GHOST,999
GHOLDENGO,GHOST,STEEL,1000
WO-CHIEN,DARK,GRASS,1001
CHIEN-PAO,DARK,ICE,1002
TING-LU,DARK,GROUND,1003
CHI-YU,DARK,FIRE,1004
ROARING MOON,DARK,DRAGON,1005
IRON VALIANT,FAIRY,FIGHTING,1006
KORAIDON,DRAGON,FIGHTING,1007
MIRAIDON,DRAGON,ELECTRIC,1008
